,max_depth,min_child_weight,learning_rate,n_estimators,scaler,accuracy,precision,recall,f1_score,f1_macro,true_positives,false_positives,true_negatives,false_negatives,runtime,id
0,2,1,0.001,25,StandardScaler,0.671301247771836,0.0,0.0,0.0,0.40166382252559724,0,0,1883,922,0.28891921043395996,0
1,2,1,0.001,25,MinMaxScaler,0.671301247771836,0.0,0.0,0.0,0.40166382252559724,0,0,1883,922,0.2109363079071045,1
2,2,1,0.001,25,RobustScaler,0.671301247771836,0.0,0.0,0.0,0.40166382252559724,0,0,1883,922,0.31697916984558105,2
3,2,1,0.001,50,StandardScaler,0.671301247771836,0.0,0.0,0.0,0.40166382252559724,0,0,1883,922,0.30265259742736816,3
4,2,1,0.001,50,MinMaxScaler,0.671301247771836,0.0,0.0,0.0,0.40166382252559724,0,0,1883,922,0.289628267288208,4
5,2,1,0.001,50,RobustScaler,0.671301247771836,0.0,0.0,0.0,0.40166382252559724,0,0,1883,922,0.29762744903564453,5
6,2,1,0.001,75,StandardScaler,0.671301247771836,0.0,0.0,0.0,0.40166382252559724,0,0,1883,922,0.38040828704833984,6
7,2,1,0.001,75,MinMaxScaler,0.671301247771836,0.0,0.0,0.0,0.40166382252559724,0,0,1883,922,0.3478066921234131,7
8,2,1,0.001,75,RobustScaler,0.671301247771836,0.0,0.0,0.0,0.40166382252559724,0,0,1883,922,0.4097859859466553,8
9,2,1,0.001,100,StandardScaler,0.671301247771836,0.0,0.0,0.0,0.40166382252559724,0,0,1883,922,0.47257280349731445,9
10,2,1,0.001,100,MinMaxScaler,0.671301247771836,0.0,0.0,0.0,0.40166382252559724,0,0,1883,922,0.3786633014678955,10
11,2,1,0.001,100,RobustScaler,0.671301247771836,0.0,0.0,0.0,0.40166382252559724,0,0,1883,922,0.4337480068206787,11
12,2,1,0.01,25,StandardScaler,0.671301247771836,0.0,0.0,0.0,0.40166382252559724,0,0,1883,922,0.18801641464233398,12
13,2,1,0.01,25,MinMaxScaler,0.671301247771836,0.0,0.0,0.0,0.40166382252559724,0,0,1883,922,0.18522357940673828,13
14,2,1,0.01,25,RobustScaler,0.671301247771836,0.0,0.0,0.0,0.40166382252559724,0,0,1883,922,0.2106335163116455,14
15,2,1,0.01,50,StandardScaler,0.679144385026738,0.555,0.12039045553145336,0.19786096256684493,0.49866310160427807,111,89,1794,811,0.24001336097717285,15
16,2,1,0.01,50,MinMaxScaler,0.679144385026738,0.555,0.12039045553145336,0.19786096256684493,0.49866310160427807,111,89,1794,811,0.2414553165435791,16
17,2,1,0.01,50,RobustScaler,0.679144385026738,0.555,0.12039045553145336,0.19786096256684493,0.49866310160427807,111,89,1794,811,0.288043737411499,17
18,2,1,0.01,75,StandardScaler,0.6802139037433155,0.5464684014869888,0.1594360086767896,0.24685138539042822,0.5219321421181605,147,122,1761,775,0.3140437602996826,18
19,2,1,0.01,75,MinMaxScaler,0.6802139037433155,0.5464684014869888,0.1594360086767896,0.24685138539042822,0.5219321421181605,147,122,1761,775,0.3084850311279297,19
20,2,1,0.01,75,RobustScaler,0.6802139037433155,0.5464684014869888,0.1594360086767896,0.24685138539042822,0.5219321421181605,147,122,1761,775,0.36335110664367676,20
21,2,1,0.01,100,StandardScaler,0.6994652406417112,0.5817805383022774,0.3047722342733189,0.4,0.5997621878715815,281,202,1681,641,0.3999662399291992,21
22,2,1,0.01,100,MinMaxScaler,0.6994652406417112,0.5817805383022774,0.3047722342733189,0.4,0.5997621878715815,281,202,1681,641,0.39944982528686523,22
23,2,1,0.01,100,RobustScaler,0.6994652406417112,0.5817805383022774,0.3047722342733189,0.4,0.5997621878715815,281,202,1681,641,0.43030858039855957,23
24,2,1,0.1,25,StandardScaler,0.6135472370766488,0.40097799511002447,0.3557483731019523,0.37701149425287356,0.5484540675398735,328,490,1393,594,0.1815180778503418,24
25,2,1,0.1,25,MinMaxScaler,0.6135472370766488,0.40097799511002447,0.3557483731019523,0.37701149425287356,0.5484540675398735,328,490,1393,594,0.1648111343383789,25
26,2,1,0.1,25,RobustScaler,0.6135472370766488,0.40097799511002447,0.3557483731019523,0.37701149425287356,0.5484540675398735,328,490,1393,594,0.21706771850585938,26
27,2,1,0.1,50,StandardScaler,0.6427807486631016,0.44579945799457993,0.35683297180043383,0.3963855421686746,0.5713573280463626,329,409,1474,593,0.24196600914001465,27
28,2,1,0.1,50,MinMaxScaler,0.6427807486631016,0.44579945799457993,0.35683297180043383,0.3963855421686746,0.5713573280463626,329,409,1474,593,0.25907182693481445,28
29,2,1,0.1,50,RobustScaler,0.6427807486631016,0.44579945799457993,0.35683297180043383,0.3963855421686746,0.5713573280463626,329,409,1474,593,0.2921764850616455,29
30,2,1,0.1,75,StandardScaler,0.647415329768271,0.45327754532775455,0.3524945770065076,0.39658328248932273,0.5737638145007681,325,392,1491,597,0.3088052272796631,30
31,2,1,0.1,75,MinMaxScaler,0.647415329768271,0.45327754532775455,0.3524945770065076,0.39658328248932273,0.5737638145007681,325,392,1491,597,0.29947876930236816,31
32,2,1,0.1,75,RobustScaler,0.647415329768271,0.45327754532775455,0.3524945770065076,0.39658328248932273,0.5737638145007681,325,392,1491,597,0.3350362777709961,32
33,2,1,0.1,100,StandardScaler,0.6413547237076649,0.44246575342465755,0.35032537960954446,0.39104116222760293,0.5684361950602391,323,407,1476,599,0.39203357696533203,33
34,2,1,0.1,100,MinMaxScaler,0.6413547237076649,0.44246575342465755,0.35032537960954446,0.39104116222760293,0.5684361950602391,323,407,1476,599,0.3537440299987793,34
35,2,1,0.1,100,RobustScaler,0.6413547237076649,0.44246575342465755,0.35032537960954446,0.39104116222760293,0.5684361950602391,323,407,1476,599,0.4111514091491699,35
36,2,3,0.001,25,StandardScaler,0.671301247771836,0.0,0.0,0.0,0.40166382252559724,0,0,1883,922,0.17245697975158691,36
37,2,3,0.001,25,MinMaxScaler,0.671301247771836,0.0,0.0,0.0,0.40166382252559724,0,0,1883,922,0.15828609466552734,37
38,2,3,0.001,25,RobustScaler,0.671301247771836,0.0,0.0,0.0,0.40166382252559724,0,0,1883,922,0.21650123596191406,38
39,2,3,0.001,50,StandardScaler,0.671301247771836,0.0,0.0,0.0,0.40166382252559724,0,0,1883,922,0.23787331581115723,39
40,2,3,0.001,50,MinMaxScaler,0.671301247771836,0.0,0.0,0.0,0.40166382252559724,0,0,1883,922,0.24304819107055664,40
41,2,3,0.001,50,RobustScaler,0.671301247771836,0.0,0.0,0.0,0.40166382252559724,0,0,1883,922,0.25792431831359863,41
42,2,3,0.001,75,StandardScaler,0.671301247771836,0.0,0.0,0.0,0.40166382252559724,0,0,1883,922,0.2917907238006592,42
43,2,3,0.001,75,MinMaxScaler,0.671301247771836,0.0,0.0,0.0,0.40166382252559724,0,0,1883,922,0.28427791595458984,43
44,2,3,0.001,75,RobustScaler,0.671301247771836,0.0,0.0,0.0,0.40166382252559724,0,0,1883,922,0.31817126274108887,44
45,2,3,0.001,100,StandardScaler,0.671301247771836,0.0,0.0,0.0,0.40166382252559724,0,0,1883,922,0.3491981029510498,45
46,2,3,0.001,100,MinMaxScaler,0.671301247771836,0.0,0.0,0.0,0.40166382252559724,0,0,1883,922,0.34769392013549805,46
47,2,3,0.001,100,RobustScaler,0.671301247771836,0.0,0.0,0.0,0.40166382252559724,0,0,1883,922,0.39275145530700684,47
48,2,3,0.01,25,StandardScaler,0.671301247771836,0.0,0.0,0.0,0.40166382252559724,0,0,1883,922,0.16092395782470703,48
49,2,3,0.01,25,MinMaxScaler,0.671301247771836,0.0,0.0,0.0,0.40166382252559724,0,0,1883,922,0.1682431697845459,49
50,2,3,0.01,25,RobustScaler,0.671301247771836,0.0,0.0,0.0,0.40166382252559724,0,0,1883,922,0.2021632194519043,50
51,2,3,0.01,50,StandardScaler,0.679144385026738,0.555,0.12039045553145336,0.19786096256684493,0.49866310160427807,111,89,1794,811,0.23389959335327148,51
52,2,3,0.01,50,MinMaxScaler,0.679144385026738,0.555,0.12039045553145336,0.19786096256684493,0.49866310160427807,111,89,1794,811,0.24596214294433594,52
53,2,3,0.01,50,RobustScaler,0.679144385026738,0.555,0.12039045553145336,0.19786096256684493,0.49866310160427807,111,89,1794,811,0.2657341957092285,53
54,2,3,0.01,75,StandardScaler,0.6802139037433155,0.5464684014869888,0.1594360086767896,0.24685138539042822,0.5219321421181605,147,122,1761,775,0.3203589916229248,54
55,2,3,0.01,75,MinMaxScaler,0.6802139037433155,0.5464684014869888,0.1594360086767896,0.24685138539042822,0.5219321421181605,147,122,1761,775,0.30892252922058105,55
56,2,3,0.01,75,RobustScaler,0.6802139037433155,0.5464684014869888,0.1594360086767896,0.24685138539042822,0.5219321421181605,147,122,1761,775,0.3405594825744629,56
57,2,3,0.01,100,StandardScaler,0.6994652406417112,0.5817805383022774,0.3047722342733189,0.4,0.5997621878715815,281,202,1681,641,0.6013422012329102,57
58,2,3,0.01,100,MinMaxScaler,0.6994652406417112,0.5817805383022774,0.3047722342733189,0.4,0.5997621878715815,281,202,1681,641,0.4034271240234375,58
59,2,3,0.01,100,RobustScaler,0.6994652406417112,0.5817805383022774,0.3047722342733189,0.4,0.5997621878715815,281,202,1681,641,0.45281147956848145,59
60,2,3,0.1,25,StandardScaler,0.6135472370766488,0.40097799511002447,0.3557483731019523,0.37701149425287356,0.5484540675398735,328,490,1393,594,0.23758769035339355,60
61,2,3,0.1,25,MinMaxScaler,0.6135472370766488,0.40097799511002447,0.3557483731019523,0.37701149425287356,0.5484540675398735,328,490,1393,594,0.1783897876739502,61
62,2,3,0.1,25,RobustScaler,0.6135472370766488,0.40097799511002447,0.3557483731019523,0.37701149425287356,0.5484540675398735,328,490,1393,594,0.21767020225524902,62
63,2,3,0.1,50,StandardScaler,0.6438502673796791,0.44747612551159616,0.3557483731019523,0.3963746223564955,0.5718914831125081,328,405,1478,594,0.271744966506958,63
64,2,3,0.1,50,MinMaxScaler,0.6438502673796791,0.44747612551159616,0.3557483731019523,0.3963746223564955,0.5718914831125081,328,405,1478,594,0.26539158821105957,64
65,2,3,0.1,50,RobustScaler,0.6438502673796791,0.44747612551159616,0.3557483731019523,0.3963746223564955,0.5718914831125081,328,405,1478,594,0.2784247398376465,65
66,2,3,0.1,75,StandardScaler,0.645632798573975,0.44886363636363635,0.34273318872017355,0.3886838868388684,0.5695929474354985,316,388,1495,606,0.47101783752441406,66
67,2,3,0.1,75,MinMaxScaler,0.645632798573975,0.44886363636363635,0.34273318872017355,0.3886838868388684,0.5695929474354985,316,388,1495,606,0.393543004989624,67
68,2,3,0.1,75,RobustScaler,0.645632798573975,0.44886363636363635,0.34273318872017355,0.3886838868388684,0.5695929474354985,316,388,1495,606,0.3631582260131836,68
69,2,3,0.1,100,StandardScaler,0.6452762923351159,0.44937586685159503,0.351409978308026,0.39440048691418134,0.5717906140141867,324,397,1486,598,0.6523587703704834,69
70,2,3,0.1,100,MinMaxScaler,0.6452762923351159,0.44937586685159503,0.351409978308026,0.39440048691418134,0.5717906140141867,324,397,1486,598,0.6264817714691162,70
71,2,3,0.1,100,RobustScaler,0.6452762923351159,0.44937586685159503,0.351409978308026,0.39440048691418134,0.5717906140141867,324,397,1486,598,0.4473562240600586,71
72,4,1,0.001,25,StandardScaler,0.671301247771836,0.0,0.0,0.0,0.40166382252559724,0,0,1883,922,0.29149365425109863,72
73,4,1,0.001,25,MinMaxScaler,0.671301247771836,0.0,0.0,0.0,0.40166382252559724,0,0,1883,922,0.25109100341796875,73
74,4,1,0.001,25,RobustScaler,0.671301247771836,0.0,0.0,0.0,0.40166382252559724,0,0,1883,922,0.2847781181335449,74
75,4,1,0.001,50,StandardScaler,0.671301247771836,0.0,0.0,0.0,0.40166382252559724,0,0,1883,922,0.5159192085266113,75
76,4,1,0.001,50,MinMaxScaler,0.671301247771836,0.0,0.0,0.0,0.40166382252559724,0,0,1883,922,0.47701001167297363,76
77,4,1,0.001,50,RobustScaler,0.671301247771836,0.0,0.0,0.0,0.40166382252559724,0,0,1883,922,0.43377017974853516,77
78,4,1,0.001,75,StandardScaler,0.671301247771836,0.0,0.0,0.0,0.40166382252559724,0,0,1883,922,0.5415723323822021,78
79,4,1,0.001,75,MinMaxScaler,0.671301247771836,0.0,0.0,0.0,0.40166382252559724,0,0,1883,922,0.6295082569122314,79
80,4,1,0.001,75,RobustScaler,0.671301247771836,0.0,0.0,0.0,0.40166382252559724,0,0,1883,922,0.8109467029571533,80
81,4,1,0.001,100,StandardScaler,0.671301247771836,0.0,0.0,0.0,0.40166382252559724,0,0,1883,922,0.7638604640960693,81
82,4,1,0.001,100,MinMaxScaler,0.671301247771836,0.0,0.0,0.0,0.40166382252559724,0,0,1883,922,0.8066291809082031,82
83,4,1,0.001,100,RobustScaler,0.671301247771836,0.0,0.0,0.0,0.40166382252559724,0,0,1883,922,1.3589198589324951,83
84,4,1,0.01,25,StandardScaler,0.6727272727272727,1.0,0.004338394793926247,0.008639308855291577,0.40632648619536577,4,0,1883,918,0.2618091106414795,84
85,4,1,0.01,25,MinMaxScaler,0.6727272727272727,1.0,0.004338394793926247,0.008639308855291577,0.40632648619536577,4,0,1883,918,0.26615095138549805,85
86,4,1,0.01,25,RobustScaler,0.6727272727272727,1.0,0.004338394793926247,0.008639308855291577,0.40632648619536577,4,0,1883,918,0.28049659729003906,86
87,4,1,0.01,50,StandardScaler,0.667379679144385,0.47555555555555556,0.11605206073752712,0.1865736704446382,0.48876073170450596,107,118,1765,815,0.3950955867767334,87
88,4,1,0.01,50,MinMaxScaler,0.667379679144385,0.47555555555555556,0.11605206073752712,0.1865736704446382,0.48876073170450596,107,118,1765,815,0.4359099864959717,88
89,4,1,0.01,50,RobustScaler,0.667379679144385,0.47555555555555556,0.11605206073752712,0.1865736704446382,0.48876073170450596,107,118,1765,815,0.47489261627197266,89
90,4,1,0.01,75,StandardScaler,0.6249554367201426,0.38181818181818183,0.227765726681128,0.2853260869565218,0.5155484953873958,210,340,1543,712,0.8693230152130127,90
91,4,1,0.01,75,MinMaxScaler,0.6249554367201426,0.38181818181818183,0.227765726681128,0.2853260869565218,0.5155484953873958,210,340,1543,712,0.6175565719604492,91
92,4,1,0.01,75,RobustScaler,0.6249554367201426,0.38181818181818183,0.227765726681128,0.2853260869565218,0.5155484953873958,210,340,1543,712,0.5916109085083008,92
93,4,1,0.01,100,StandardScaler,0.6352941176470588,0.42406015037593986,0.30585683297180044,0.3553875236294896,0.550549839368809,282,383,1500,640,0.7131989002227783,93
94,4,1,0.01,100,MinMaxScaler,0.6352941176470588,0.42406015037593986,0.30585683297180044,0.3553875236294896,0.550549839368809,282,383,1500,640,0.7979834079742432,94
95,4,1,0.01,100,RobustScaler,0.6352941176470588,0.42406015037593986,0.30585683297180044,0.3553875236294896,0.550549839368809,282,383,1500,640,0.6756627559661865,95
96,4,1,0.1,25,StandardScaler,0.6217468805704099,0.4167664670658683,0.3774403470715835,0.3961297666476949,0.5603799624829442,348,487,1396,574,0.2976970672607422,96
97,4,1,0.1,25,MinMaxScaler,0.6217468805704099,0.4167664670658683,0.3774403470715835,0.3961297666476949,0.5603799624829442,348,487,1396,574,0.2693054676055908,97
98,4,1,0.1,25,RobustScaler,0.6217468805704099,0.4167664670658683,0.3774403470715835,0.3961297666476949,0.5603799624829442,348,487,1396,574,0.27663159370422363,98
99,4,1,0.1,50,StandardScaler,0.6303030303030303,0.4274905422446406,0.3676789587852495,0.39533527696793,0.5645482546585479,339,454,1429,583,0.38088130950927734,99
100,4,1,0.1,50,MinMaxScaler,0.6303030303030303,0.4274905422446406,0.3676789587852495,0.39533527696793,0.5645482546585479,339,454,1429,583,0.35029053688049316,100
101,4,1,0.1,50,RobustScaler,0.6303030303030303,0.4274905422446406,0.3676789587852495,0.39533527696793,0.5645482546585479,339,454,1429,583,0.39521145820617676,101
102,4,1,0.1,75,StandardScaler,0.6385026737967915,0.4380053908355795,0.3524945770065076,0.39062499999999994,0.5668279586923467,325,417,1466,597,0.46204423904418945,102
103,4,1,0.1,75,MinMaxScaler,0.6385026737967915,0.4380053908355795,0.3524945770065076,0.39062499999999994,0.5668279586923467,325,417,1466,597,0.5515601634979248,103
104,4,1,0.1,75,RobustScaler,0.6385026737967915,0.4380053908355795,0.3524945770065076,0.39062499999999994,0.5668279586923467,325,417,1466,597,0.5228292942047119,104
105,4,1,0.1,100,StandardScaler,0.6520499108734403,0.4622905027932961,0.35900216919739697,0.40415140415140416,0.5792156819347152,331,385,1498,591,0.5946290493011475,105
106,4,1,0.1,100,MinMaxScaler,0.6520499108734403,0.4622905027932961,0.35900216919739697,0.40415140415140416,0.5792156819347152,331,385,1498,591,0.6542520523071289,106
107,4,1,0.1,100,RobustScaler,0.6520499108734403,0.4622905027932961,0.35900216919739697,0.40415140415140416,0.5792156819347152,331,385,1498,591,0.6180284023284912,107
108,4,3,0.001,25,StandardScaler,0.671301247771836,0.0,0.0,0.0,0.40166382252559724,0,0,1883,922,0.377962589263916,108
109,4,3,0.001,25,MinMaxScaler,0.671301247771836,0.0,0.0,0.0,0.40166382252559724,0,0,1883,922,0.23554682731628418,109
110,4,3,0.001,25,RobustScaler,0.671301247771836,0.0,0.0,0.0,0.40166382252559724,0,0,1883,922,0.26395082473754883,110
111,4,3,0.001,50,StandardScaler,0.671301247771836,0.0,0.0,0.0,0.40166382252559724,0,0,1883,922,0.38055944442749023,111
112,4,3,0.001,50,MinMaxScaler,0.671301247771836,0.0,0.0,0.0,0.40166382252559724,0,0,1883,922,0.5108458995819092,112
113,4,3,0.001,50,RobustScaler,0.671301247771836,0.0,0.0,0.0,0.40166382252559724,0,0,1883,922,0.40899109840393066,113
114,4,3,0.001,75,StandardScaler,0.671301247771836,0.0,0.0,0.0,0.40166382252559724,0,0,1883,922,0.5057342052459717,114
115,4,3,0.001,75,MinMaxScaler,0.671301247771836,0.0,0.0,0.0,0.40166382252559724,0,0,1883,922,0.49984216690063477,115
116,4,3,0.001,75,RobustScaler,0.671301247771836,0.0,0.0,0.0,0.40166382252559724,0,0,1883,922,0.5412893295288086,116
117,4,3,0.001,100,StandardScaler,0.671301247771836,0.0,0.0,0.0,0.40166382252559724,0,0,1883,922,0.6461126804351807,117
118,4,3,0.001,100,MinMaxScaler,0.671301247771836,0.0,0.0,0.0,0.40166382252559724,0,0,1883,922,0.6428890228271484,118
119,4,3,0.001,100,RobustScaler,0.671301247771836,0.0,0.0,0.0,0.40166382252559724,0,0,1883,922,0.6777503490447998,119
120,4,3,0.01,25,StandardScaler,0.671301247771836,0.0,0.0,0.0,0.40166382252559724,0,0,1883,922,0.24816465377807617,120
121,4,3,0.01,25,MinMaxScaler,0.671301247771836,0.0,0.0,0.0,0.40166382252559724,0,0,1883,922,0.21781659126281738,121
122,4,3,0.01,25,RobustScaler,0.671301247771836,0.0,0.0,0.0,0.40166382252559724,0,0,1883,922,0.25700926780700684,122
123,4,3,0.01,50,StandardScaler,0.6627450980392157,0.44339622641509435,0.1019522776572668,0.1657848324514991,0.4772177066636405,94,118,1765,828,0.38274335861206055,123
124,4,3,0.01,50,MinMaxScaler,0.6627450980392157,0.44339622641509435,0.1019522776572668,0.1657848324514991,0.4772177066636405,94,118,1765,828,0.36757707595825195,124
125,4,3,0.01,50,RobustScaler,0.6627450980392157,0.44339622641509435,0.1019522776572668,0.1657848324514991,0.4772177066636405,94,118,1765,828,0.39658355712890625,125
126,4,3,0.01,75,StandardScaler,0.6221033868092691,0.3740875912408759,0.22234273318872017,0.2789115646258503,0.5114364586414275,205,343,1540,717,0.5051908493041992,126
127,4,3,0.01,75,MinMaxScaler,0.6221033868092691,0.3740875912408759,0.22234273318872017,0.2789115646258503,0.5114364586414275,205,343,1540,717,0.5046026706695557,127
128,4,3,0.01,75,RobustScaler,0.6221033868092691,0.3740875912408759,0.22234273318872017,0.2789115646258503,0.5114364586414275,205,343,1540,717,0.5383670330047607,128
129,4,3,0.01,100,StandardScaler,0.6363636363636364,0.42507645259938837,0.30151843817787416,0.3527918781725887,0.5499705548522835,278,376,1507,644,0.6385233402252197,129
130,4,3,0.01,100,MinMaxScaler,0.6363636363636364,0.42507645259938837,0.30151843817787416,0.3527918781725887,0.5499705548522835,278,376,1507,644,0.6301515102386475,130
131,4,3,0.01,100,RobustScaler,0.6363636363636364,0.42507645259938837,0.30151843817787416,0.3527918781725887,0.5499705548522835,278,376,1507,644,0.6753337383270264,131
132,4,3,0.1,25,StandardScaler,0.615686274509804,0.40993071593533487,0.38503253796095444,0.3970917225950783,0.5575202202718981,355,511,1372,567,0.2247333526611328,132
133,4,3,0.1,25,MinMaxScaler,0.615686274509804,0.40993071593533487,0.38503253796095444,0.3970917225950783,0.5575202202718981,355,511,1372,567,0.2251451015472412,133
134,4,3,0.1,25,RobustScaler,0.615686274509804,0.40993071593533487,0.38503253796095444,0.3970917225950783,0.5575202202718981,355,511,1372,567,0.26513218879699707,134
135,4,3,0.1,50,StandardScaler,0.6242424242424243,0.4185185185185185,0.3676789587852495,0.3914549653579677,0.5598326915495356,339,471,1412,583,0.3598213195800781,135
136,4,3,0.1,50,MinMaxScaler,0.6242424242424243,0.4185185185185185,0.3676789587852495,0.3914549653579677,0.5598326915495356,339,471,1412,583,0.3387887477874756,136
137,4,3,0.1,50,RobustScaler,0.6242424242424243,0.4185185185185185,0.3676789587852495,0.3914549653579677,0.5598326915495356,339,471,1412,583,0.3753516674041748,137
138,4,3,0.1,75,StandardScaler,0.6342245989304813,0.43066666666666664,0.35032537960954446,0.38636363636363635,0.5629126460132048,323,427,1456,599,0.4554593563079834,138
139,4,3,0.1,75,MinMaxScaler,0.6342245989304813,0.43066666666666664,0.35032537960954446,0.38636363636363635,0.5629126460132048,323,427,1456,599,0.45041632652282715,139
140,4,3,0.1,75,RobustScaler,0.6342245989304813,0.43066666666666664,0.35032537960954446,0.38636363636363635,0.5629126460132048,323,427,1456,599,0.4889497756958008,140
141,4,3,0.1,100,StandardScaler,0.6427807486631016,0.44579945799457993,0.35683297180043383,0.3963855421686746,0.5713573280463626,329,409,1474,593,0.5568337440490723,141
142,4,3,0.1,100,MinMaxScaler,0.6427807486631016,0.44579945799457993,0.35683297180043383,0.3963855421686746,0.5713573280463626,329,409,1474,593,0.5518627166748047,142
143,4,3,0.1,100,RobustScaler,0.6427807486631016,0.44579945799457993,0.35683297180043383,0.3963855421686746,0.5713573280463626,329,409,1474,593,0.5863752365112305,143
144,6,1,0.001,25,StandardScaler,0.671301247771836,0.0,0.0,0.0,0.40166382252559724,0,0,1883,922,0.3677492141723633,144
145,6,1,0.001,25,MinMaxScaler,0.671301247771836,0.0,0.0,0.0,0.40166382252559724,0,0,1883,922,0.3637583255767822,145
146,6,1,0.001,25,RobustScaler,0.671301247771836,0.0,0.0,0.0,0.40166382252559724,0,0,1883,922,0.4168524742126465,146
147,6,1,0.001,50,StandardScaler,0.671301247771836,0.0,0.0,0.0,0.40166382252559724,0,0,1883,922,0.7107336521148682,147
148,6,1,0.001,50,MinMaxScaler,0.671301247771836,0.0,0.0,0.0,0.40166382252559724,0,0,1883,922,0.6482944488525391,148
149,6,1,0.001,50,RobustScaler,0.671301247771836,0.0,0.0,0.0,0.40166382252559724,0,0,1883,922,0.699857234954834,149
150,6,1,0.001,75,StandardScaler,0.671301247771836,0.0,0.0,0.0,0.40166382252559724,0,0,1883,922,1.2111425399780273,150
151,6,1,0.001,75,MinMaxScaler,0.671301247771836,0.0,0.0,0.0,0.40166382252559724,0,0,1883,922,1.1955220699310303,151
152,6,1,0.001,75,RobustScaler,0.671301247771836,0.0,0.0,0.0,0.40166382252559724,0,0,1883,922,1.2344095706939697,152
153,6,1,0.001,100,StandardScaler,0.671301247771836,0.0,0.0,0.0,0.40166382252559724,0,0,1883,922,1.1985008716583252,153
154,6,1,0.001,100,MinMaxScaler,0.671301247771836,0.0,0.0,0.0,0.40166382252559724,0,0,1883,922,1.225369930267334,154
155,6,1,0.001,100,RobustScaler,0.671301247771836,0.0,0.0,0.0,0.40166382252559724,0,0,1883,922,1.2180447578430176,155
156,6,1,0.01,25,StandardScaler,0.651336898395722,0.4014084507042254,0.12364425162689804,0.18905472636815918,0.4834919408407553,114,170,1713,808,0.38832616806030273,156
157,6,1,0.01,25,MinMaxScaler,0.651336898395722,0.4014084507042254,0.12364425162689804,0.18905472636815918,0.4834919408407553,114,170,1713,808,0.3899722099304199,157
158,6,1,0.01,25,RobustScaler,0.651336898395722,0.4014084507042254,0.12364425162689804,0.18905472636815918,0.4834919408407553,114,170,1713,808,0.4105031490325928,158
159,6,1,0.01,50,StandardScaler,0.6641711229946524,0.4794238683127572,0.2527114967462039,0.3309659090909091,0.5533934733460257,233,253,1630,689,0.6749539375305176,159
160,6,1,0.01,50,MinMaxScaler,0.6641711229946524,0.4794238683127572,0.2527114967462039,0.3309659090909091,0.5533934733460257,233,253,1630,689,0.666245698928833,160
161,6,1,0.01,50,RobustScaler,0.6641711229946524,0.4794238683127572,0.2527114967462039,0.3309659090909091,0.5533934733460257,233,253,1630,689,0.6757550239562988,161
162,6,1,0.01,75,StandardScaler,0.5953654188948306,0.3730631704410012,0.33947939262472887,0.35547984099943214,0.5302990267610826,313,526,1357,609,0.9035782814025879,162
163,6,1,0.01,75,MinMaxScaler,0.5953654188948306,0.3730631704410012,0.33947939262472887,0.35547984099943214,0.5302990267610826,313,526,1357,609,0.9239239692687988,163
164,6,1,0.01,75,RobustScaler,0.5953654188948306,0.3730631704410012,0.33947939262472887,0.35547984099943214,0.5302990267610826,313,526,1357,609,0.9349970817565918,164
165,6,1,0.01,100,StandardScaler,0.6285204991087344,0.42327365728900257,0.35900216919739697,0.3884976525821596,0.5608642896807368,331,451,1432,591,1.3324253559112549,165
166,6,1,0.01,100,MinMaxScaler,0.6285204991087344,0.42327365728900257,0.35900216919739697,0.3884976525821596,0.5608642896807368,331,451,1432,591,1.1521477699279785,166
167,6,1,0.01,100,RobustScaler,0.6285204991087344,0.42327365728900257,0.35900216919739697,0.3884976525821596,0.5608642896807368,331,451,1432,591,1.186854600906372,167
168,6,1,0.1,25,StandardScaler,0.6256684491978609,0.4264367816091954,0.40238611713665945,0.4140625,0.5695247020691462,371,499,1384,551,0.35575032234191895,168
169,6,1,0.1,25,MinMaxScaler,0.6256684491978609,0.4264367816091954,0.40238611713665945,0.4140625,0.5695247020691462,371,499,1384,551,0.34218263626098633,169
170,6,1,0.1,25,RobustScaler,0.6256684491978609,0.4264367816091954,0.40238611713665945,0.4140625,0.5695247020691462,371,499,1384,551,0.3823976516723633,170
171,6,1,0.1,50,StandardScaler,0.6270944741532977,0.4242053789731051,0.37635574837310193,0.39885057471264374,0.5642831684932728,347,471,1412,575,0.6210033893585205,171
172,6,1,0.1,50,MinMaxScaler,0.6270944741532977,0.4242053789731051,0.37635574837310193,0.39885057471264374,0.5642831684932728,347,471,1412,575,0.5943293571472168,172
173,6,1,0.1,50,RobustScaler,0.6270944741532977,0.4242053789731051,0.37635574837310193,0.39885057471264374,0.5642831684932728,347,471,1412,575,0.5651836395263672,173
174,6,1,0.1,75,StandardScaler,0.629590017825312,0.4287454323995128,0.38177874186550975,0.4039013195639702,0.567608792701561,352,469,1414,570,0.7295341491699219,174
175,6,1,0.1,75,MinMaxScaler,0.629590017825312,0.4287454323995128,0.38177874186550975,0.4039013195639702,0.567608792701561,352,469,1414,570,0.7081820964813232,175
176,6,1,0.1,75,RobustScaler,0.629590017825312,0.4287454323995128,0.38177874186550975,0.4039013195639702,0.567608792701561,352,469,1414,570,0.7425131797790527,176
177,6,1,0.1,100,StandardScaler,0.6331550802139038,0.43236409608091025,0.37093275488069416,0.3992994746059545,0.5676251029688741,342,449,1434,580,0.9321327209472656,177
178,6,1,0.1,100,MinMaxScaler,0.6331550802139038,0.43236409608091025,0.37093275488069416,0.3992994746059545,0.5676251029688741,342,449,1434,580,0.9252934455871582,178
179,6,1,0.1,100,RobustScaler,0.6331550802139038,0.43236409608091025,0.37093275488069416,0.3992994746059545,0.5676251029688741,342,449,1434,580,0.9612033367156982,179
180,6,3,0.001,25,StandardScaler,0.671301247771836,0.0,0.0,0.0,0.40166382252559724,0,0,1883,922,0.34751081466674805,180
181,6,3,0.001,25,MinMaxScaler,0.671301247771836,0.0,0.0,0.0,0.40166382252559724,0,0,1883,922,0.3527235984802246,181
182,6,3,0.001,25,RobustScaler,0.671301247771836,0.0,0.0,0.0,0.40166382252559724,0,0,1883,922,0.40635156631469727,182
183,6,3,0.001,50,StandardScaler,0.671301247771836,0.0,0.0,0.0,0.40166382252559724,0,0,1883,922,0.6223666667938232,183
184,6,3,0.001,50,MinMaxScaler,0.671301247771836,0.0,0.0,0.0,0.40166382252559724,0,0,1883,922,0.5931870937347412,184
185,6,3,0.001,50,RobustScaler,0.671301247771836,0.0,0.0,0.0,0.40166382252559724,0,0,1883,922,0.6318385601043701,185
186,6,3,0.001,75,StandardScaler,0.671301247771836,0.0,0.0,0.0,0.40166382252559724,0,0,1883,922,0.8486058712005615,186
187,6,3,0.001,75,MinMaxScaler,0.671301247771836,0.0,0.0,0.0,0.40166382252559724,0,0,1883,922,0.8516397476196289,187
188,6,3,0.001,75,RobustScaler,0.671301247771836,0.0,0.0,0.0,0.40166382252559724,0,0,1883,922,0.8849503993988037,188
189,6,3,0.001,100,StandardScaler,0.671301247771836,0.0,0.0,0.0,0.40166382252559724,0,0,1883,922,1.1319386959075928,189
190,6,3,0.001,100,MinMaxScaler,0.671301247771836,0.0,0.0,0.0,0.40166382252559724,0,0,1883,922,1.1145367622375488,190
191,6,3,0.001,100,RobustScaler,0.671301247771836,0.0,0.0,0.0,0.40166382252559724,0,0,1883,922,1.1320765018463135,191
192,6,3,0.01,25,StandardScaler,0.6541889483065954,0.3983050847457627,0.1019522776572668,0.1623488773747841,0.4722346363513633,94,142,1741,828,0.357832670211792,192
193,6,3,0.01,25,MinMaxScaler,0.6541889483065954,0.3983050847457627,0.1019522776572668,0.1623488773747841,0.4722346363513633,94,142,1741,828,0.35575270652770996,193
194,6,3,0.01,25,RobustScaler,0.6541889483065954,0.3983050847457627,0.1019522776572668,0.1623488773747841,0.4722346363513633,94,142,1741,828,0.4026939868927002,194
195,6,3,0.01,50,StandardScaler,0.6609625668449198,0.46799116997792495,0.2299349240780911,0.3083636363636364,0.5419031877213696,212,241,1642,710,0.6423499584197998,195
196,6,3,0.01,50,MinMaxScaler,0.6609625668449198,0.46799116997792495,0.2299349240780911,0.3083636363636364,0.5419031877213696,212,241,1642,710,0.6013102531433105,196
197,6,3,0.01,50,RobustScaler,0.6609625668449198,0.46799116997792495,0.2299349240780911,0.3083636363636364,0.5419031877213696,212,241,1642,710,0.6645708084106445,197
198,6,3,0.01,75,StandardScaler,0.6427807486631016,0.4395770392749245,0.3156182212581345,0.3674242424242424,0.5592709885742673,291,371,1512,631,0.9062056541442871,198
199,6,3,0.01,75,MinMaxScaler,0.6427807486631016,0.4395770392749245,0.3156182212581345,0.3674242424242424,0.5592709885742673,291,371,1512,631,0.8474934101104736,199
200,6,3,0.01,75,RobustScaler,0.6427807486631016,0.4395770392749245,0.3156182212581345,0.3674242424242424,0.5592709885742673,291,371,1512,631,0.8950200080871582,200
201,6,3,0.01,100,StandardScaler,0.6153297682709448,0.3992297817715019,0.33731019522776573,0.36566725455614346,0.54481878972371,311,468,1415,611,1.084110975265503,201
202,6,3,0.01,100,MinMaxScaler,0.6153297682709448,0.3992297817715019,0.33731019522776573,0.36566725455614346,0.54481878972371,311,468,1415,611,1.1006662845611572,202
203,6,3,0.01,100,RobustScaler,0.6153297682709448,0.3992297817715019,0.33731019522776573,0.36566725455614346,0.54481878972371,311,468,1415,611,1.147582769393921,203
204,6,3,0.1,25,StandardScaler,0.6217468805704099,0.41813898704358066,0.38503253796095444,0.4009034443817052,0.562264694319011,355,494,1389,567,0.3574681282043457,204
205,6,3,0.1,25,MinMaxScaler,0.6217468805704099,0.41813898704358066,0.38503253796095444,0.4009034443817052,0.562264694319011,355,494,1389,567,0.3596670627593994,205
206,6,3,0.1,25,RobustScaler,0.6217468805704099,0.41813898704358066,0.38503253796095444,0.4009034443817052,0.562264694319011,355,494,1389,567,0.36995482444763184,206
207,6,3,0.1,50,StandardScaler,0.633511586452763,0.4334170854271357,0.37418655097613884,0.4016298020954598,0.5687491250970619,345,451,1432,577,0.4904816150665283,207
208,6,3,0.1,50,MinMaxScaler,0.633511586452763,0.4334170854271357,0.37418655097613884,0.4016298020954598,0.5687491250970619,345,451,1432,577,0.47741198539733887,208
209,6,3,0.1,50,RobustScaler,0.633511586452763,0.4334170854271357,0.37418655097613884,0.4016298020954598,0.5687491250970619,345,451,1432,577,0.517378568649292,209
210,6,3,0.1,75,StandardScaler,0.6352941176470588,0.43599493029150826,0.37310195227765725,0.402104032729398,0.5698645323944502,344,445,1438,578,0.6857106685638428,210
211,6,3,0.1,75,MinMaxScaler,0.6352941176470588,0.43599493029150826,0.37310195227765725,0.402104032729398,0.5698645323944502,344,445,1438,578,0.6787867546081543,211
212,6,3,0.1,75,RobustScaler,0.6352941176470588,0.43599493029150826,0.37310195227765725,0.402104032729398,0.5698645323944502,344,445,1438,578,0.7182724475860596,212
213,6,3,0.1,100,StandardScaler,0.6442067736185383,0.4509043927648579,0.37852494577006507,0.4115566037735849,0.5782872441453515,349,425,1458,573,0.9021487236022949,213
214,6,3,0.1,100,MinMaxScaler,0.6442067736185383,0.4509043927648579,0.37852494577006507,0.4115566037735849,0.5782872441453515,349,425,1458,573,0.87788987159729,214
215,6,3,0.1,100,RobustScaler,0.6442067736185383,0.4509043927648579,0.37852494577006507,0.4115566037735849,0.5782872441453515,349,425,1458,573,0.912238597869873,215
216,10,1,0.001,25,StandardScaler,0.671301247771836,0.0,0.0,0.0,0.40166382252559724,0,0,1883,922,1.0090296268463135,216
217,10,1,0.001,25,MinMaxScaler,0.671301247771836,0.0,0.0,0.0,0.40166382252559724,0,0,1883,922,0.9850270748138428,217
218,10,1,0.001,25,RobustScaler,0.671301247771836,0.0,0.0,0.0,0.40166382252559724,0,0,1883,922,1.0003600120544434,218
219,10,1,0.001,50,StandardScaler,0.671301247771836,0.0,0.0,0.0,0.40166382252559724,0,0,1883,922,1.7135906219482422,219
220,10,1,0.001,50,MinMaxScaler,0.671301247771836,0.0,0.0,0.0,0.40166382252559724,0,0,1883,922,1.8267574310302734,220
221,10,1,0.001,50,RobustScaler,0.671301247771836,0.0,0.0,0.0,0.40166382252559724,0,0,1883,922,1.7438693046569824,221
222,10,1,0.001,75,StandardScaler,0.671301247771836,0.0,0.0,0.0,0.40166382252559724,0,0,1883,922,2.627032995223999,222
223,10,1,0.001,75,MinMaxScaler,0.671301247771836,0.0,0.0,0.0,0.40166382252559724,0,0,1883,922,2.653006076812744,223
224,10,1,0.001,75,RobustScaler,0.671301247771836,0.0,0.0,0.0,0.40166382252559724,0,0,1883,922,2.5544888973236084,224
225,10,1,0.001,100,StandardScaler,0.671301247771836,0.0,0.0,0.0,0.40166382252559724,0,0,1883,922,3.518531560897827,225
226,10,1,0.001,100,MinMaxScaler,0.671301247771836,0.0,0.0,0.0,0.40166382252559724,0,0,1883,922,3.2449450492858887,226
227,10,1,0.001,100,RobustScaler,0.671301247771836,0.0,0.0,0.0,0.40166382252559724,0,0,1883,922,3.316932201385498,227
228,10,1,0.01,25,StandardScaler,0.6609625668449198,0.46472019464720193,0.20715835140997832,0.28657164291072773,0.5321097634707952,191,220,1663,731,1.003190279006958,228
229,10,1,0.01,25,MinMaxScaler,0.6609625668449198,0.46472019464720193,0.20715835140997832,0.28657164291072773,0.5321097634707952,191,220,1663,731,1.251204013824463,229
230,10,1,0.01,25,RobustScaler,0.6609625668449198,0.46472019464720193,0.20715835140997832,0.28657164291072773,0.5321097634707952,191,220,1663,731,1.084505558013916,230
231,10,1,0.01,50,StandardScaler,0.6228163992869875,0.3940809968847352,0.27440347071583515,0.3235294117647059,0.5310182896688087,253,389,1494,669,2.4438788890838623,231
232,10,1,0.01,50,MinMaxScaler,0.6228163992869875,0.3940809968847352,0.27440347071583515,0.3235294117647059,0.5310182896688087,253,389,1494,669,1.8351995944976807,232
233,10,1,0.01,50,RobustScaler,0.6228163992869875,0.3940809968847352,0.27440347071583515,0.3235294117647059,0.5310182896688087,253,389,1494,669,1.899963140487671,233
234,10,1,0.01,75,StandardScaler,0.6213903743315508,0.4,0.3036876355748373,0.34525277435265106,0.5394769388312903,280,420,1463,642,3.1110422611236572,234
235,10,1,0.01,75,MinMaxScaler,0.6213903743315508,0.4,0.3036876355748373,0.34525277435265106,0.5394769388312903,280,420,1463,642,2.6270956993103027,235
236,10,1,0.01,75,RobustScaler,0.6213903743315508,0.4,0.3036876355748373,0.34525277435265106,0.5394769388312903,280,420,1463,642,2.6936275959014893,236
237,10,1,0.01,100,StandardScaler,0.6342245989304813,0.4283746556473829,0.33731019522776573,0.3774271844660194,0.5592335316575427,311,415,1468,611,3.2426071166992188,237
238,10,1,0.01,100,MinMaxScaler,0.6342245989304813,0.4283746556473829,0.33731019522776573,0.3774271844660194,0.5592335316575427,311,415,1468,611,3.3370261192321777,238
239,10,1,0.01,100,RobustScaler,0.6342245989304813,0.4283746556473829,0.33731019522776573,0.3774271844660194,0.5592335316575427,311,415,1468,611,3.6236581802368164,239
240,10,1,0.1,25,StandardScaler,0.6199643493761141,0.41325301204819276,0.3720173535791757,0.3915525114155251,0.5576217715190638,343,487,1396,579,0.825347900390625,240
241,10,1,0.1,25,MinMaxScaler,0.6199643493761141,0.41325301204819276,0.3720173535791757,0.3915525114155251,0.5576217715190638,343,487,1396,579,0.980825662612915,241
242,10,1,0.1,25,RobustScaler,0.6199643493761141,0.41325301204819276,0.3720173535791757,0.3915525114155251,0.5576217715190638,343,487,1396,579,0.8760035037994385,242
243,10,1,0.1,50,StandardScaler,0.6270944741532977,0.41948051948051945,0.35032537960954446,0.3817966903073286,0.5574118724635162,323,447,1436,599,1.464648723602295,243
244,10,1,0.1,50,MinMaxScaler,0.6270944741532977,0.41948051948051945,0.35032537960954446,0.3817966903073286,0.5574118724635162,323,447,1436,599,1.913386583328247,244
245,10,1,0.1,50,RobustScaler,0.6270944741532977,0.41948051948051945,0.35032537960954446,0.3817966903073286,0.5574118724635162,323,447,1436,599,1.4131793975830078,245
246,10,1,0.1,75,StandardScaler,0.6349376114081996,0.4318181818181818,0.35032537960954446,0.38682634730538923,0.5634639350740145,323,425,1458,599,1.6755976676940918,246
247,10,1,0.1,75,MinMaxScaler,0.6349376114081996,0.4318181818181818,0.35032537960954446,0.38682634730538923,0.5634639350740145,323,425,1458,599,1.5516695976257324,247
248,10,1,0.1,75,RobustScaler,0.6349376114081996,0.4318181818181818,0.35032537960954446,0.38682634730538923,0.5634639350740145,323,425,1458,599,1.7106492519378662,248
249,10,1,0.1,100,StandardScaler,0.6402852049910873,0.44049247606019154,0.3492407809110629,0.3895946763460375,0.5673017607153488,322,409,1474,600,2.0739738941192627,249
250,10,1,0.1,100,MinMaxScaler,0.6402852049910873,0.44049247606019154,0.3492407809110629,0.3895946763460375,0.5673017607153488,322,409,1474,600,2.6703174114227295,250
251,10,1,0.1,100,RobustScaler,0.6402852049910873,0.44049247606019154,0.3492407809110629,0.3895946763460375,0.5673017607153488,322,409,1474,600,2.6852827072143555,251
252,10,3,0.001,25,StandardScaler,0.671301247771836,0.0,0.0,0.0,0.40166382252559724,0,0,1883,922,1.0494065284729004,252
253,10,3,0.001,25,MinMaxScaler,0.671301247771836,0.0,0.0,0.0,0.40166382252559724,0,0,1883,922,0.9079079627990723,253
254,10,3,0.001,25,RobustScaler,0.671301247771836,0.0,0.0,0.0,0.40166382252559724,0,0,1883,922,0.8390562534332275,254
255,10,3,0.001,50,StandardScaler,0.671301247771836,0.0,0.0,0.0,0.40166382252559724,0,0,1883,922,1.801511287689209,255
256,10,3,0.001,50,MinMaxScaler,0.671301247771836,0.0,0.0,0.0,0.40166382252559724,0,0,1883,922,1.45485520362854,256
257,10,3,0.001,50,RobustScaler,0.671301247771836,0.0,0.0,0.0,0.40166382252559724,0,0,1883,922,1.5202150344848633,257
258,10,3,0.001,75,StandardScaler,0.671301247771836,0.0,0.0,0.0,0.40166382252559724,0,0,1883,922,2.288485288619995,258
259,10,3,0.001,75,MinMaxScaler,0.671301247771836,0.0,0.0,0.0,0.40166382252559724,0,0,1883,922,2.08937406539917,259
260,10,3,0.001,75,RobustScaler,0.671301247771836,0.0,0.0,0.0,0.40166382252559724,0,0,1883,922,2.4040727615356445,260
261,10,3,0.001,100,StandardScaler,0.671301247771836,0.0,0.0,0.0,0.40166382252559724,0,0,1883,922,2.2843515872955322,261
262,10,3,0.001,100,MinMaxScaler,0.671301247771836,0.0,0.0,0.0,0.40166382252559724,0,0,1883,922,2.248600482940674,262
263,10,3,0.001,100,RobustScaler,0.671301247771836,0.0,0.0,0.0,0.40166382252559724,0,0,1883,922,2.312014579772949,263
264,10,3,0.01,25,StandardScaler,0.6770053475935829,0.5227272727272727,0.19956616052060738,0.28885400313971743,0.5399528318281612,184,168,1715,738,0.6861152648925781,264
265,10,3,0.01,25,MinMaxScaler,0.6770053475935829,0.5227272727272727,0.19956616052060738,0.28885400313971743,0.5399528318281612,184,168,1715,738,0.6950242519378662,265
266,10,3,0.01,25,RobustScaler,0.6770053475935829,0.5227272727272727,0.19956616052060738,0.28885400313971743,0.5399528318281612,184,168,1715,738,0.7084870338439941,266
267,10,3,0.01,50,StandardScaler,0.631729055258467,0.4079601990049751,0.2668112798264642,0.3226229508196721,0.5348732869153441,246,357,1526,676,1.230388879776001,267
268,10,3,0.01,50,MinMaxScaler,0.631729055258467,0.4079601990049751,0.2668112798264642,0.3226229508196721,0.5348732869153441,246,357,1526,676,1.2123842239379883,268
269,10,3,0.01,50,RobustScaler,0.631729055258467,0.4079601990049751,0.2668112798264642,0.3226229508196721,0.5348732869153441,246,357,1526,676,1.2529292106628418,269
270,10,3,0.01,75,StandardScaler,0.6267379679144385,0.4062968515742129,0.29392624728850325,0.3410950283196979,0.5403560195067777,271,396,1487,651,1.7271857261657715,270
271,10,3,0.01,75,MinMaxScaler,0.6267379679144385,0.4062968515742129,0.29392624728850325,0.3410950283196979,0.5403560195067777,271,396,1487,651,1.7170751094818115,271
272,10,3,0.01,75,RobustScaler,0.6267379679144385,0.4062968515742129,0.29392624728850325,0.3410950283196979,0.5403560195067777,271,396,1487,651,1.7391796112060547,272
273,10,3,0.01,100,StandardScaler,0.6245989304812835,0.40709219858156026,0.31127982646420826,0.3527965580823601,0.5442114851672157,287,418,1465,635,2.2385382652282715,273
274,10,3,0.01,100,MinMaxScaler,0.6245989304812835,0.40709219858156026,0.31127982646420826,0.3527965580823601,0.5442114851672157,287,418,1465,635,2.193819761276245,274
275,10,3,0.01,100,RobustScaler,0.6245989304812835,0.40709219858156026,0.31127982646420826,0.3527965580823601,0.5442114851672157,287,418,1465,635,2.2288389205932617,275
276,10,3,0.1,25,StandardScaler,0.6242424242424243,0.4168765743073048,0.35900216919739697,0.38578088578088576,0.5575540278930109,331,463,1420,591,0.6066908836364746,276
277,10,3,0.1,25,MinMaxScaler,0.6242424242424243,0.4168765743073048,0.35900216919739697,0.38578088578088576,0.5575540278930109,331,463,1420,591,0.6098873615264893,277
278,10,3,0.1,25,RobustScaler,0.6242424242424243,0.4168765743073048,0.35900216919739697,0.38578088578088576,0.5575540278930109,331,463,1420,591,0.6258666515350342,278
279,10,3,0.1,50,StandardScaler,0.6427807486631016,0.44805194805194803,0.37418655097613884,0.40780141843971635,0.5760293462795826,345,425,1458,577,0.8828518390655518,279
280,10,3,0.1,50,MinMaxScaler,0.6427807486631016,0.44805194805194803,0.37418655097613884,0.40780141843971635,0.5760293462795826,345,425,1458,577,0.8829746246337891,280
281,10,3,0.1,50,RobustScaler,0.6427807486631016,0.44805194805194803,0.37418655097613884,0.40780141843971635,0.5760293462795826,345,425,1458,577,0.9216809272766113,281
282,10,3,0.1,75,StandardScaler,0.6524064171122995,0.46364883401920437,0.3665943600867679,0.40944881889763773,0.5815872536013826,338,391,1492,584,1.1690678596496582,282
283,10,3,0.1,75,MinMaxScaler,0.6524064171122995,0.46364883401920437,0.3665943600867679,0.40944881889763773,0.5815872536013826,338,391,1492,584,1.1724739074707031,283
284,10,3,0.1,75,RobustScaler,0.6524064171122995,0.46364883401920437,0.3665943600867679,0.40944881889763773,0.5815872536013826,338,391,1492,584,1.2105679512023926,284
285,10,3,0.1,100,StandardScaler,0.6467023172905526,0.45369127516778524,0.3665943600867679,0.4055188962207558,0.5770937113617095,338,407,1476,584,1.4460597038269043,285
286,10,3,0.1,100,MinMaxScaler,0.6467023172905526,0.45369127516778524,0.3665943600867679,0.4055188962207558,0.5770937113617095,338,407,1476,584,1.4327507019042969,286
287,10,3,0.1,100,RobustScaler,0.6467023172905526,0.45369127516778524,0.3665943600867679,0.4055188962207558,0.5770937113617095,338,407,1476,584,1.4596474170684814,287
